{
  "1_1": 12.0,
  "1_2": 12.666666666666666,
  "1_3": 14.0,
  "1_4": 14.666666666666666,
  "1_5": 14.666666666666666,
  "1_6": 16.0,
  "1_7": 16.0,
  "1_8": 16.666666666666668,
  "1_9": 17.333333333333332,
  "1_10": 17.333333333333332,
  "1_11": 17.333333333333332,
  "1_12": 18.0,
  "1_13": 18.0,
  "1_14": 18.0,
  "1_15": 18.0,
  "1_16": 18.666666666666664,
  "1_17": 18.666666666666664,
  "1_18": 18.666666666666664,
  "1_19": 18.666666666666664,
  "1_20": 18.666666666666664,
  "1_21": 19.333333333333332,
  "1_22": 20.0,
  "1_23": 20.0,
  "1_24": 20.0,
  "1_25": 20.0,
  "1_26": 20.0,
  "1_27": 20.0,
  "1_28": 20.0,
  "1_29": 20.0,
  "1_30": 20.0,
  "1_31": 20.0,
  "1_32": 20.0,
  "1_33": 20.0,
  "1_34": 20.0,
  "1_35": 20.0,
  "1_36": 20.0,
  "1_37": 20.0,
  "1_38": 20.0,
  "1_39": 20.0,
  "1_40": 20.0,
  "1_41": 20.0,
  "1_42": 20.0,
  "1_43": 20.0,
  "1_44": 20.0,
  "1_45": 20.0,
  "1_46": 20.0,
  "1_47": 20.0,
  "1_48": 20.0,
  "1_49": 20.0,
  "1_50": 20.0,
  "1_51": 20.0,
  "1_52": 20.0,
  "1_53": 20.0,
  "1_54": 20.0,
  "1_55": 20.0,
  "1_56": 20.0,
  "1_57": 20.0,
  "1_58": 20.0,
  "1_59": 20.0,
  "1_60": 20.0,
  "1_61": 20.0,
  "1_62": 20.0,
  "1_63": 20.0,
  "1_64": 20.0,
  "2_1": 12.0,
  "2_2": 20.666666666666664,
  "2_3": 20.666666666666664,
  "2_4": 21.333333333333332,
  "2_5": 21.333333333333332,
  "2_6": 21.333333333333332,
  "2_7": 20.666666666666664,
  "2_8": 23.333333333333332,
  "2_9": 22.666666666666664,
  "2_10": 23.333333333333336,
  "2_11": 23.333333333333336,
  "2_12": 23.333333333333336,
  "2_13": 23.333333333333336,
  "2_14": 24.000000000000004,
  "2_15": 24.000000000000004,
  "2_16": 24.000000000000004,
  "2_17": 24.000000000000004,
  "2_18": 24.000000000000004,
  "2_19": 24.000000000000004,
  "2_20": 24.666666666666668,
  "2_21": 24.666666666666668,
  "2_22": 26.0,
  "2_23": 25.333333333333336,
  "2_24": 25.333333333333336,
  "2_25": 25.333333333333336,
  "2_26": 26.0,
  "2_27": 26.0,
  "2_28": 26.0,
  "2_29": 26.0,
  "2_30": 26.0,
  "2_31": 26.0,
  "2_32": 25.333333333333336,
  "2_33": 25.333333333333336,
  "2_34": 26.0,
  "2_35": 26.0,
  "2_36": 26.0,
  "2_37": 26.0,
  "2_38": 26.0,
  "2_39": 26.0,
  "2_40": 26.0,
  "2_41": 26.666666666666668,
  "2_42": 26.666666666666668,
  "2_43": 26.666666666666668,
  "2_44": 26.666666666666668,
  "2_45": 26.666666666666668,
  "2_46": 26.666666666666668,
  "2_47": 26.666666666666668,
  "2_48": 26.666666666666668,
  "2_49": 26.666666666666668,
  "2_50": 26.666666666666668,
  "2_51": 26.666666666666668,
  "2_52": 26.666666666666668,
  "2_53": 26.666666666666668,
  "2_54": 26.666666666666668,
  "2_55": 26.666666666666668,
  "2_56": 26.0,
  "2_57": 26.0,
  "2_58": 26.0,
  "2_59": 26.0,
  "2_60": 26.0,
  "2_61": 26.0,
  "2_62": 26.0,
  "2_63": 26.0,
  "2_64": 26.0,
  "3_1": 12.0,
  "3_2": 20.666666666666664,
  "3_3": 22.666666666666664,
  "3_4": 22.666666666666664,
  "3_5": 23.333333333333332,
  "3_6": 23.333333333333332,
  "3_7": 23.333333333333332,
  "3_8": 23.333333333333332,
  "3_9": 22.0,
  "3_10": 22.0,
  "3_11": 23.333333333333332,
  "3_12": 23.333333333333332,
  "3_13": 23.333333333333332,
  "3_14": 24.0,
  "3_15": 24.666666666666664,
  "3_16": 24.666666666666664,
  "3_17": 24.666666666666664,
  "3_18": 24.666666666666664,
  "3_19": 24.666666666666664,
  "3_20": 25.333333333333336,
  "3_21": 25.333333333333336,
  "3_22": 25.333333333333336,
  "3_23": 25.333333333333336,
  "3_24": 25.333333333333336,
  "3_25": 25.333333333333336,
  "3_26": 25.333333333333336,
  "3_27": 24.666666666666668,
  "3_28": 24.666666666666668,
  "3_29": 25.333333333333336,
  "3_30": 25.333333333333336,
  "3_31": 25.333333333333336,
  "3_32": 25.333333333333336,
  "3_33": 25.333333333333336,
  "3_34": 25.333333333333336,
  "3_35": 25.333333333333336,
  "3_36": 25.333333333333336,
  "3_37": 25.333333333333336,
  "3_38": 25.333333333333336,
  "3_39": 26.0,
  "3_40": 26.0,
  "3_41": 26.0,
  "3_42": 26.666666666666664,
  "3_43": 26.666666666666664,
  "3_44": 26.666666666666664,
  "3_45": 26.666666666666664,
  "3_46": 26.666666666666664,
  "3_47": 26.0,
  "3_48": 26.0,
  "3_49": 26.0,
  "3_50": 26.0,
  "3_51": 26.0,
  "3_52": 26.0,
  "3_53": 26.0,
  "3_54": 26.0,
  "3_55": 26.0,
  "3_56": 26.0,
  "3_57": 26.0,
  "3_58": 26.0,
  "3_59": 26.0,
  "3_60": 26.0,
  "3_61": 26.0,
  "3_62": 26.0,
  "3_63": 26.0,
  "3_64": 26.0,
  "4_1": 12.0,
  "4_2": 20.666666666666664,
  "4_3": 22.666666666666664,
  "4_4": 23.333333333333332,
  "4_5": 23.333333333333332,
  "4_6": 23.999999999999996,
  "4_7": 23.999999999999996,
  "4_8": 23.333333333333332,
  "4_9": 23.333333333333332,
  "4_10": 23.333333333333332,
  "4_11": 21.999999999999996,
  "4_12": 21.999999999999996,
  "4_13": 21.999999999999996,
  "4_14": 21.999999999999996,
  "4_15": 21.999999999999996,
  "4_16": 21.999999999999996,
  "4_17": 21.999999999999996,
  "4_18": 22.666666666666664,
  "4_19": 23.333333333333336,
  "4_20": 23.333333333333336,
  "4_21": 23.333333333333336,
  "4_22": 23.333333333333336,
  "4_23": 23.333333333333336,
  "4_24": 23.333333333333336,
  "4_25": 23.333333333333336,
  "4_26": 24.000000000000004,
  "4_27": 24.000000000000004,
  "4_28": 24.000000000000004,
  "4_29": 24.000000000000004,
  "4_30": 24.000000000000004,
  "4_31": 24.000000000000004,
  "4_32": 24.000000000000004,
  "4_33": 24.000000000000004,
  "4_34": 24.000000000000004,
  "4_35": 24.000000000000004,
  "4_36": 24.000000000000004,
  "4_37": 24.000000000000004,
  "4_38": 24.000000000000004,
  "4_39": 24.000000000000004,
  "4_40": 24.000000000000004,
  "4_41": 24.000000000000004,
  "4_42": 24.000000000000004,
  "4_43": 24.000000000000004,
  "4_44": 24.000000000000004,
  "4_45": 24.000000000000004,
  "4_46": 24.0,
  "4_47": 24.0,
  "4_48": 24.0,
  "4_49": 24.0,
  "4_50": 24.0,
  "4_51": 24.666666666666668,
  "4_52": 24.666666666666668,
  "4_53": 24.666666666666668,
  "4_54": 24.666666666666668,
  "4_55": 25.333333333333336,
  "4_56": 25.333333333333336,
  "4_57": 25.333333333333336,
  "4_58": 25.333333333333336,
  "4_59": 25.333333333333336,
  "4_60": 25.333333333333336,
  "4_61": 25.333333333333336,
  "4_62": 26.0,
  "4_63": 26.0,
  "4_64": 26.0,
  "5_1": 12.0,
  "5_2": 20.666666666666664,
  "5_3": 22.666666666666664,
  "5_4": 23.333333333333332,
  "5_5": 24.0,
  "5_6": 23.333333333333332,
  "5_7": 24.0,
  "5_8": 24.0,
  "5_9": 23.333333333333332,
  "5_10": 24.666666666666668,
  "5_11": 24.666666666666668,
  "5_12": 24.666666666666668,
  "5_13": 24.666666666666668,
  "5_14": 24.666666666666668,
  "5_15": 24.666666666666668,
  "5_16": 24.666666666666668,
  "5_17": 24.666666666666668,
  "5_18": 24.666666666666668,
  "5_19": 24.666666666666668,
  "5_20": 25.333333333333336,
  "5_21": 25.333333333333336,
  "5_22": 26.0,
  "5_23": 26.666666666666664,
  "5_24": 26.666666666666664,
  "5_25": 26.666666666666664,
  "5_26": 26.666666666666664,
  "5_27": 26.666666666666664,
  "5_28": 26.666666666666664,
  "5_29": 26.666666666666664,
  "5_30": 26.666666666666664,
  "5_31": 26.666666666666664,
  "5_32": 26.666666666666664,
  "5_33": 26.666666666666664,
  "5_34": 26.666666666666664,
  "5_35": 27.333333333333332,
  "5_36": 27.333333333333332,
  "5_37": 27.333333333333332,
  "5_38": 27.333333333333332,
  "5_39": 27.333333333333332,
  "5_40": 28.0,
  "5_41": 28.0,
  "5_42": 28.0,
  "5_43": 28.0,
  "5_44": 28.0,
  "5_45": 28.0,
  "5_46": 28.0,
  "5_47": 28.0,
  "5_48": 28.0,
  "5_49": 28.0,
  "5_50": 28.0,
  "5_51": 28.0,
  "5_52": 28.0,
  "5_53": 28.0,
  "5_54": 28.0,
  "5_55": 28.0,
  "5_56": 28.0,
  "5_57": 27.333333333333336,
  "5_58": 27.333333333333336,
  "5_59": 27.333333333333336,
  "5_60": 27.333333333333336,
  "5_61": 27.333333333333336,
  "5_62": 27.333333333333336,
  "5_63": 27.333333333333336,
  "5_64": 27.333333333333336,
  "6_1": 12.0,
  "6_2": 20.666666666666664,
  "6_3": 22.666666666666664,
  "6_4": 23.333333333333332,
  "6_5": 24.0,
  "6_6": 25.333333333333336,
  "6_7": 25.333333333333336,
  "6_8": 25.333333333333336,
  "6_9": 25.333333333333336,
  "6_10": 24.666666666666664,