{
  "1_1": 10.5,
  "1_2": 10.5,
  "1_3": 11.833333333333332,
  "1_4": 12.133333333333335,
  "1_5": 12.366666666666665,
  "1_6": 12.366666666666665,
  "1_7": 12.499999999999998,
  "1_8": 12.799999999999997,
  "1_9": 12.633333333333331,
  "1_10": 12.599999999999998,
  "1_11": 12.566666666666663,
  "1_12": 12.699999999999996,
  "1_13": 12.9,
  "1_14": 12.83333333333333,
  "1_15": 12.899999999999999,
  "1_16": 12.933333333333332,
  "1_17": 12.8,
  "1_18": 12.866666666666665,
  "1_19": 13.066666666666665,
  "1_20": 13.133333333333333,
  "1_21": 13.066666666666665,
  "1_22": 12.933333333333332,
  "1_23": 12.999999999999998,
  "1_24": 13.066666666666663,
  "1_25": 13.033333333333333,
  "1_26": 12.999999999999998,
  "1_27": 13.233333333333334,
  "1_28": 13.066666666666665,
  "1_29": 13.133333333333333,
  "1_30": 13.066666666666665,
  "1_31": 12.999999999999998,
  "1_32": 12.966666666666665,
  "1_33": 13.066666666666663,
  "1_34": 13.03333333333333,
  "1_35": 13.03333333333333,
  "1_36": 13.03333333333333,
  "1_37": 12.999999999999998,
  "1_38": 12.999999999999998,
  "1_39": 13.03333333333333,
  "1_40": 13.066666666666665,
  "1_41": 12.966666666666663,
  "1_42": 13.03333333333333,
  "1_43": 12.966666666666663,
  "1_44": 12.966666666666663,
  "1_45": 13.066666666666663,
  "1_46": 13.099999999999996,
  "1_47": 13.199999999999994,
  "1_48": 13.233333333333327,
  "1_49": 13.26666666666666,
  "1_50": 13.26666666666666,
  "1_51": 13.299999999999995,
  "1_52": 13.299999999999995,
  "1_53": 13.299999999999995,
  "1_54": 13.333333333333329,
  "1_55": 13.333333333333329,
  "1_56": 13.333333333333329,
  "1_57": 13.333333333333329,
  "1_58": 13.333333333333329,
  "1_59": 13.333333333333329,
  "1_60": 13.333333333333329,
  "1_61": 13.333333333333329,
  "1_62": 13.333333333333329,
  "1_63": 13.333333333333329,
  "1_64": 13.333333333333329,
  "2_1": 10.5,
  "2_2": 10.5,
  "2_3": 11.833333333333337,
  "2_4": 13.366666666666665,
  "2_5": 13.79999999999999,
  "2_6": 14.5,
  "2_7": 14.4,
  "2_8": 15.16666666666667,
  "2_9": 14.96666666666667,
  "2_10": 15.600000000000001,
  "2_11": 15.333333333333337,
  "2_12": 15.766666666666678,
  "2_13": 15.333333333333336,
  "2_14": 15.900000000000007,
  "2_15": 15.566666666666672,
  "2_16": 15.766666666666673,
  "2_17": 15.600000000000005,
  "2_18": 16.066666666666674,
  "2_19": 15.766666666666673,
  "2_20": 15.900000000000004,
  "2_21": 15.866666666666667,
  "2_22": 16.166666666666668,
  "2_23": 15.96666666666667,
  "2_24": 16.300000000000004,
  "2_25": 15.966666666666672,
  "2_26": 16.266666666666673,
  "2_27": 15.933333333333339,
  "2_28": 16.066666666666666,
  "2_29": 15.8,
  "2_30": 16.133333333333336,
  "2_31": 15.933333333333332,
  "2_32": 16.066666666666666,
  "2_33": 15.83333333333333,
  "2_34": 15.966666666666665,
  "2_35": 15.766666666666662,
  "2_36": 16.333333333333336,
  "2_37": 16.03333333333333,
  "2_38": 16.333333333333336,
  "2_39": 16.266666666666666,
  "2_40": 16.3,
  "2_41": 16.3,
  "2_42": 16.466666666666665,
  "2_43": 16.433333333333337,
  "2_44": 16.6,
  "2_45": 16.366666666666667,
  "2_46": 16.533333333333335,
  "2_47": 16.333333333333336,
  "2_48": 16.700000000000003,
  "2_49": 16.366666666666674,
  "2_50": 16.433333333333334,
  "2_51": 16.26666666666667,
  "2_52": 16.200000000000006,
  "2_53": 16.166666666666675,
  "2_54": 16.200000000000006,
  "2_55": 16.000000000000004,
  "2_56": 16.066666666666674,
  "2_57": 15.833333333333341,
  "2_58": 16.000000000000004,
  "2_59": 15.700000000000003,
  "2_60": 15.900000000000004,
  "2_61": 15.766666666666673,
  "2_62": 16.033333333333335,
  "2_63": 15.866666666666667,
  "2_64": 16.033333333333335,
  "3_1": 10.5,
  "3_2": 10.5,
  "3_3": 12.433333333333335,
  "3_4": 13.066666666666665,
  "3_5": 14.466666666666663,
  "3_6": 15.399999999999999,
  "3_7": 15.03333333333333,
  "3_8": 15.633333333333336,
  "3_9": 15.700000000000003,
  "3_10": 15.433333333333342,
  "3_11": 15.833333333333336,
  "3_12": 16.033333333333328,
  "3_13": 15.866666666666665,
  "3_14": 16.16666666666667,
  "3_15": 16.16666666666667,
  "3_16": 15.833333333333341,
  "3_17": 16.10000000000001,
  "3_18": 16.13333333333334,
  "3_19": 15.900000000000004,
  "3_20": 16.133333333333344,
  "3_21": 16.233333333333338,
  "3_22": 15.96666666666667,
  "3_23": 16.13333333333334,
  "3_24": 16.16666666666667,
  "3_25": 16.066666666666666,
  "3_26": 16.466666666666672,
  "3_27": 16.43333333333334,
  "3_28": 16.233333333333338,
  "3_29": 16.63333333333334,
  "3_30": 16.50000000000001,
  "3_31": 16.400000000000006,
  "3_32": 16.433333333333337,
  "3_33": 16.53333333333334,
  "3_34": 16.400000000000002,
  "3_35": 16.666666666666668,
  "3_36": 16.700000000000003,
  "3_37": 16.600000000000005,
  "3_38": 16.700000000000006,
  "3_39": 16.633333333333344,
  "3_40": 16.533333333333342,
  "3_41": 16.63333333333334,
  "3_42": 16.800000000000008,
  "3_43": 16.533333333333342,
  "3_44": 16.733333333333345,
  "3_45": 16.70000000000001,
  "3_46": 16.566666666666674,
  "3_47": 16.733333333333345,
  "3_48": 16.800000000000008,
  "3_49": 16.700000000000006,
  "3_50": 16.93333333333334,
  "3_51": 17.033333333333346,
  "3_52": 16.866666666666678,
  "3_53": 16.933333333333344,
  "3_54": 17.066666666666677,
  "3_55": 16.90000000000001,
  "3_56": 17.033333333333346,
  "3_57": 16.966666666666676,
  "3_58": 16.866666666666674,
  "3_59": 17.066666666666677,
  "3_60": 17.066666666666677,
  "3_61": 16.83333333333335,
  "3_62": 17.06666666666668,
  "3_63": 17.033333333333346,
  "3_64": 16.866666666666678,
  "4_1": 10.5,
  "4_2": 10.5,
  "4_3": 12.433333333333335,
  "4_4": 14.23333333333333,
  "4_5": 14.233333333333325,
  "4_6": 15.433333333333326,
  "4_7": 15.899999999999993,
  "4_8": 16.40000000000001,
  "4_9": 16.03333333333334,
  "4_10": 16.66666666666667,
  "4_11": 16.60000000000001,
  "4_12": 17.0,
  "4_13": 16.766666666666673,
  "4_14": 16.999999999999996,
  "4_15": 16.933333333333334,
  "4_16": 17.066666666666674,
  "4_17": 16.66666666666667,
  "4_18": 17.066666666666674,
  "4_19": 16.93333333333334,
  "4_20": 17.20000000000001,
  "4_21": 17.100000000000016,
  "4_22": 17.333333333333346,
  "4_23": 17.400000000000013,
  "4_24": 17.500000000000007,
  "4_25": 17.266666666666673,
  "4_26": 17.566666666666674,
  "4_27": 17.43333333333334,
  "4_28": 17.50000000000001,
  "4_29": 17.166666666666675,
  "4_30": 17.433333333333348,
  "4_31": 17.400000000000013,
  "4_32": 17.70000000000001,
  "4_33": 17.466666666666676,
  "4_34": 17.666666666666675,
  "4_35": 17.53333333333335,
  "4_36": 17.666666666666675,
  "4_37": 17.300000000000008,
  "4_38": 17.566666666666677,
  "4_39": 17.566666666666677,
  "4_40": 17.666666666666675,
  "4_41": 17.466666666666676,
  "4_42": 17.600000000000012,
  "4_43": 17.63333333333334,
  "4_44": 17.63333333333334,
  "4_45": 17.366666666666678,
  "4_46": 17.566666666666677,
  "4_47": 17.433333333333344,
  "4_48": 17.533333333333346,
  "4_49": 17.566666666666677,
  "4_50": 17.70000000000001,
  "4_51": 17.70000000000001,
  "4_52": 17.70000000000001,
  "4_53": 17.533333333333346,
  "4_54": 17.766666666666676,
  "4_55": 17.733333333333345,
  "4_56": 17.800000000000015,
  "4_57": 17.76666666666668,
  "4_58": 18.00000000000001,
  "4_59": 17.900000000000013,
  "4_60": 17.76666666666668,
  "4_61": 17.733333333333345,
  "4_62": 17.800000000000008,
  "4_63": 17.766666666666676,
  "4_64": 17.80000000000001,
  "5_1": 10.5,
  "5_2": 10.5,
  "5_3": 12.433333333333335,
  "5_4": 14.23333333333333,
  "5_5": 15.1,
  "5_6": 15.299999999999997,
  "5_7": 15.999999999999998,
  "5_8": 16.3,
  "5_9": 16.900000000000006,
  "5_10": 17.10000000000001,
  "5_11": 16.700000000000006,
  "5_12": 17.166666666666675,
  "5_13": 17.166666666666675,
  "5_14": 17.333333333333332,
  "5_15": 17.533333333333328,
  "5_16": 17.200000000000003,
  "5_17": 17.400000000000006,
  "5_18": 17.133333333333336,
  "5_19": 17.36666666666667,
  "5_20": 17.800000000000004,
  "5_21": 17.53333333333334,
  "5_22": 17.96666666666667,
  "5_23": 17.63333333333334,