{
  "1_1": 11.458333333333332,
  "1_2": 14.143518518518519,
  "1_3": 15.570596518177164,
  "1_4": 16.60966629733155,
  "1_5": 17.440528652850176,
  "1_6": 18.133803097435468,
  "1_7": 18.72736736392087,
  "1_8": 19.24411284671188,
  "1_9": 19.698791378602774,
  "1_10": 20.101467826585733,
  "1_11": 20.459436085936353,
  "1_12": 20.778306368608654,
  "1_13": 21.0626231608039,
  "1_14": 21.3162166750236,
  "1_15": 21.542404433195678,
  "1_16": 21.744109555148754,
  "1_17": 21.923933221811126,
  "1_18": 22.084202070437968,
  "1_19": 22.22700183310975,
  "1_20": 22.35420328128804,
  "1_21": 22.467483675736304,
  "1_22": 22.568345388784607,
  "1_23": 22.658132562551682,
  "1_24": 22.738046254522917,
  "1_25": 22.80915831502267,
  "1_26": 22.872424139568608,
  "1_27": 22.928694390200064,
  "1_28": 22.978725756592862,
  "1_29": 23.02319081658963,
  "1_30": 23.062687050121074,
  "1_31": 23.09774505727989,
  "1_32": 23.128836029129864,
  "1_33": 23.15637851807437,
  "1_34": 23.180744553012822,
  "1_35": 23.20226514297737,
  "1_36": 23.221235211426922,
  "1_37": 23.237918001866603,
  "1_38": 23.252548993953884,
  "1_39": 23.265339367746304,
  "1_40": 23.276479052239516,
  "1_41": 23.286139392837978,
  "1_42": 23.29447547089479,
  "1_43": 23.301628106950567,
  "1_44": 23.30772557779538,
  "1_45": 23.312885075971383,
  "1_46": 23.317213938827628,
  "1_47": 23.320810672732488,
  "1_48": 23.32376579654265,
  "1_49": 23.326162526921653,
  "1_50": 23.32807732659482,
  "1_51": 23.32958033512084,
  "1_52": 23.3307357002547,
  "1_53": 23.331601826469697,
  "1_54": 23.33223155570088,
  "1_55": 23.332672293865368,
  "1_56": 23.332966095209244,
  "1_57": 23.333149715024383,
  "1_58": 23.333254639772356,
  "1_59": 23.333307102146343,
  "1_60": 23.333328087095932,
  "1_61": 23.333333333333332,
  "1_62": 23.333333333333332,
  "1_63": 23.333333333333332,
  "1_64": 23.333333333333332,
  "2_1": 11.458333333333332,
  "2_2": 17.1875,
  "2_3": 18.635912698412703,
  "2_4": 21.69863315696649,
  "2_5": 22.344185583432893,
  "2_6": 24.486622627719143,
  "2_7": 24.89417234918794,
  "2_8": 26.524380827271372,
  "2_9": 26.818451444480974,
  "2_10": 28.112968836510905,
  "2_11": 28.334336627861557,
  "2_12": 29.390567703294053,
  "2_13": 29.56013631936759,
  "2_14": 30.438631003415693,
  "2_15": 30.56987333210871,
  "2_16": 31.3107252873757,
  "2_17": 31.41303832620001,
  "2_18": 32.04407811627336,
  "2_19": 32.12423692450388,
  "2_20": 32.66562473639738,
  "2_21": 32.72862342124477,
  "2_22": 33.1955416729067,
  "2_23": 33.245130689948695,
  "2_24": 33.64940277908034,
  "2_25": 33.68844441896716,
  "2_26": 34.03953204456504,
  "2_27": 34.07024071581207,
  "2_28": 34.375876736206465,
  "2_29": 34.39998465225505,
  "2_30": 34.66658901072531,
  "2_31": 34.685462819001536,
  "2_32": 34.91842678005817,
  "2_33": 34.93315142027545,
  "2_34": 35.13703978948014,
  "2_35": 35.14848008809872,
  "2_36": 35.32718073025667,
  "2_37": 35.3360275876598,
  "2_38": 35.492865850966716,
  "2_39": 35.499671550663315,
  "2_40": 35.63750041462786,
  "2_41": 35.642706086378155,
  "2_42": 35.763978863746516,
  "2_43": 35.76793616045769,
  "2_44": 35.8747662022569,
  "2_45": 35.87775461400645,
  "2_46": 35.97196501587303,
  "2_47": 35.974205823936956,
  "2_48": 36.057371226827655,
  "2_49": 36.05903882005983,
  "2_50": 36.132520819032884,
  "2_51": 36.13375190555025,
  "2_52": 36.19872919878352,
  "2_53": 36.199630316124306,
  "2_54": 36.25712446742095,
  "2_55": 36.25777810369771,
  "2_56": 36.30867561031613,
  "2_57": 36.30914518407983,
  "2_58": 36.354216410332455,
  "2_59": 36.354550309251344,
  "2_60": 36.394465747941595,
  "2_61": 36.394700590366966,
  "2_62": 36.43004483811393,
  "2_63": 36.430208093517884,
  "2_64": 36.461491865582005,
  "3_1": 11.458333333333332,
  "3_2": 17.1875,
  "3_3": 19.18212890625,
  "3_4": 20.12660435267857,
  "3_5": 22.811255614803787,
  "3_6": 23.704237148337988,
  "3_7": 24.11883927811239,
  "3_8": 25.95446278876748,
  "3_9": 26.540874618589434,
  "3_10": 26.80226576900708,
  "3_11": 28.176891558253637,
  "3_12": 28.614286696592668,
  "3_13": 28.79465354757257,
  "3_14": 29.877370793229375,
  "3_15": 30.22732837877957,
  "3_16": 30.356494621141707,
  "3_17": 31.238257018548047,
  "3_18": 31.531265493546623,
  "3_19": 31.62577647661326,
  "3_20": 32.35952468645176,
  "3_21": 32.61203620993358,
  "3_22": 32.6820335675305,
  "3_23": 33.30094633647133,
  "3_24": 33.52257174933245,
  "3_25": 33.574705425161405,
  "3_26": 34.10126689652301,
  "3_27": 34.29813716513464,
  "3_28": 34.33701393200953,
  "3_29": 34.787588855691375,
  "3_30": 34.96395672942158,
  "3_31": 34.992900727535655,
  "3_32": 35.38008193781446,
  "3_33": 35.53910098734398,
  "3_34": 35.56057563912672,
  "3_35": 35.894429118245036,
  "3_36": 36.03854826981564,
  "3_37": 36.05440717722404,
  "3_38": 36.34317047415657,
  "3_39": 36.47434766258608,
  "3_40": 36.48599556991775,
  "3_41": 36.73650156671953,
  "3_42": 36.85633036641225,
  "3_43": 36.8648338225891,
  "3_44": 37.082792075029104,
  "3_45": 37.192584434043546,
  "3_46": 37.19875202135714,
  "3_47": 37.388951903657045,
  "3_48": 37.48979694602842,
  "3_49": 37.49423951491616,
  "3_50": 37.6607066966949,
  "3_51": 37.753515087014144,
  "3_52": 37.75669189042672,
  "3_53": 37.902814089991296,
  "3_54": 37.988352735357246,
  "3_55": 37.99060709875254,
  "3_56": 38.11923765798316,
  "3_57": 38.19815737575463,
  "3_58": 38.19974435376478,
  "3_59": 38.31328864129501,
  "3_60": 38.38614641251211,
  "3_61": 38.38725420726974,
  "3_62": 38.48774211726891,
  "3_63": 38.555019039009075,
  "3_64": 38.5557855289078,
  "4_1": 11.458333333333332,
  "4_2": 17.1875,
  "4_3": 19.18212890625,
  "4_4": 21.30457560221354,
  "4_5": 22.01534452892485,
  "4_6": 24.218620017722795,
  "4_7": 24.929174678075558,
  "4_8": 25.914854535464197,
  "4_9": 26.229839793110276,
  "4_10": 27.667385240554708,
  "4_11": 28.126707357665907,
  "4_12": 28.77382629074808,
  "4_13": 28.985150897920008,
  "4_14": 30.054569099578448,
  "4_15": 30.413621433969983,
  "4_16": 30.915969204722472,
  "4_17": 31.07147281535298,
  "4_18": 31.913837952829216,
  "4_19": 32.21493693832948,
  "4_20": 32.63532729389117,
  "4_21": 32.75268764696448,
  "4_22": 33.432964857706146,
  "4_23": 33.69283324956879,
  "4_24": 34.0559581578527,
  "4_25": 34.14506805419923,
  "4_26": 34.700544598458585,
  "4_27": 34.92818953825051,
  "4_28": 35.24649040915133,
  "4_29": 35.31408798957218,
  "4_30": 35.77014929898256,
  "4_31": 35.97163182686732,
  "4_32": 36.253016944787895,
  "4_33": 36.30411032061885,
  "4_34": 36.679801228144804,
  "4_35": 36.85966112684887,
  "4_36": 37.10993660280849,
  "4_37": 37.14837239203163,
  "4_38": 37.45863578163589,
  "4_39": 37.62041244539706,
  "4_40": 37.84413973748556,
  "4_41": 37.87290079277738,
  "4_42": 38.129683340884675,
  "4_43": 38.27617390689137,
  "4_44": 38.477041160629504,
  "4_45": 38.49844153397039,
  "4_46": 38.71137054924453,
  "4_47": 38.84479670618654,
  "4_48": 39.025825691081344,
  "4_49": 39.04165509775366,
  "4_50": 39.2185195063033,
  "4_51": 39.34065131404954,
  "4_52": 39.50433769142764,
  "4_53": 39.515974147981936,
  "4_54": 39.663092964934336,
  "4_55": 39.7753455871832,
  "4_56": 39.92376429393494,
  "4_57": 39.93226341150313,
  "4_58": 40.05477674133024,
  "4_59": 40.15828710496402,
  "4_60": 40.293174907519706,
  "4_61": 40.29934089250728,
  "4_62": 40.40144210289946,
  "4_63": 40.497129734483956,
  "4_64": 40.619950818227466,
  "5_1": 11.458333333333332,
  "5_2": 17.1875,
  "5_3": 19.18212890625,
  "5_4": 21.30457560221354,
  "5_5": 24.277435938517254,
  "5_6": 24.876501446678525,
  "5_7": 26.740964203284523,
  "5_8": 27.29615071643417,
  "5_9": 28.15679639465075,
  "5_10": 29.620205476629852,
  "5_11": 29.91178332887942,
  "5_12": 31.020459534031524,
  "5_13": 31.3041457457458,
  "5_14": 31.83947944886963,
  "5_15": 32.61520913895678,
  "5_16": 32.81932053488742,
  "5_17": 33.59814480389281,
  "5_18": 33.77302404585812,
  "5_19": 34.18296505291945,